date,stock_code,open,high,low,close,volume
2020-01-02,AMRT,880,880,855,875,9600
2020-01-03,AMRT,875,880,855,865,51800
2020-01-06,AMRT,865,865,845,845,42000
2020-01-07,AMRT,845,850,840,840,20500
2020-01-08,AMRT,840,855,840,855,568500
2020-01-09,AMRT,855,855,840,850,2565400
2020-01-10,AMRT,850,870,840,850,2673200
2020-01-13,AMRT,850,870,850,850,18944200
2020-01-14,AMRT,850,855,845,855,16300
2020-01-15,AMRT,855,855,855,855,8400
2020-01-16,AMRT,855,870,855,865,900
2020-01-17,AMRT,865,870,850,850,5100
2020-01-20,AMRT,850,850,850,850,5900
2020-01-21,AMRT,850,855,845,845,1600
2020-01-22,AMRT,845,855,845,850,107700
2020-01-23,AMRT,850,860,850,855,2700
2020-01-24,AMRT,855,860,845,855,1700
2020-01-27,AMRT,855,855,850,850,9700
2020-01-28,AMRT,850,850,820,820,2353900
2020-01-29,AMRT,820,830,820,825,28800
2020-01-30,AMRT,825,890,825,825,29600
2020-01-31,AMRT,825,825,800,800,1062900
2020-02-03,AMRT,800,825,800,815,3800
2020-02-04,AMRT,815,815,800,810,520400
2020-02-05,AMRT,810,815,810,810,8000
2020-02-06,AMRT,810,810,800,805,6200
2020-02-07,AMRT,805,820,800,800,2477000
2020-02-10,AMRT,800,880,800,800,1291600
2020-02-11,AMRT,800,815,800,805,12500
2020-02-12,AMRT,805,805,800,800,4325400
2020-02-13,AMRT,800,810,800,805,5700
2020-02-14,AMRT,805,810,805,810,1200
2020-02-17,AMRT,810,820,805,805,3500
2020-02-18,AMRT,805,805,770,785,7900
2020-02-19,AMRT,785,810,785,810,3700
2020-02-20,AMRT,810,860,800,850,34600
2020-02-21,AMRT,850,845,800,800,6300
2020-02-24,AMRT,800,825,820,820,2600
2020-02-25,AMRT,820,825,805,805,3800
2020-02-26,AMRT,805,810,800,800,7400
2020-02-27,AMRT,800,825,800,800,113600
2020-02-28,AMRT,800,820,770,775,18100
2020-03-02,AMRT,775,805,775,795,9200
2020-03-03,AMRT,795,810,795,810,4900
2020-03-04,AMRT,810,825,775,780,137600
2020-03-05,AMRT,780,800,780,790,17400
2020-03-06,AMRT,790,795,775,775,627000
2020-03-09,AMRT,775,790,775,775,3660300
2020-03-10,AMRT,775,780,765,765,506600
2020-03-11,AMRT,765,785,755,755,471200
2020-03-12,AMRT,755,785,750,750,4095300
2020-03-13,AMRT,750,750,710,715,3329500
2020-03-16,AMRT,715,745,715,715,36300
2020-03-17,AMRT,715,715,715,715,2700
2020-03-18,AMRT,715,730,700,715,72300
2020-03-19,AMRT,715,715,700,700,9100
2020-03-20,AMRT,700,730,700,700,25000
2020-03-23,AMRT,700,700,660,660,1800
2020-03-24,AMRT,660,660,615,625,525600
2020-03-26,AMRT,625,730,640,700,38100
2020-03-27,AMRT,700,730,710,715,15400
2020-03-30,AMRT,715,715,695,700,16700
2020-03-31,AMRT,700,800,660,800,184100
2020-04-01,AMRT,800,805,745,755,86900
2020-04-02,AMRT,755,795,710,795,15900
2020-04-03,AMRT,795,825,795,795,106500
2020-04-06,AMRT,795,805,760,795,97500
2020-04-07,AMRT,795,825,790,810,320400
2020-04-08,AMRT,810,830,810,810,46500
2020-04-09,AMRT,810,825,800,825,46400
2020-04-13,AMRT,825,850,825,830,462300
2020-04-14,AMRT,830,850,805,830,73900
2020-04-15,AMRT,830,845,800,840,72300
2020-04-16,AMRT,840,850,810,830,318900
2020-04-17,AMRT,830,850,820,850,33500
2020-04-20,AMRT,850,850,830,850,230900
2020-04-21,AMRT,850,850,810,850,7200
2020-04-22,AMRT,850,870,800,870,212700
2020-04-23,AMRT,870,870,835,860,94200
2020-04-24,AMRT,860,855,815,830,87600
2020-04-27,AMRT,830,850,820,840,21600
2020-04-28,AMRT,840,870,820,845,481900
2020-04-29,AMRT,845,865,790,790,126500
2020-04-30,AMRT,790,870,810,870,119700
2020-05-04,AMRT,870,870,840,870,65700
2020-05-05,AMRT,870,880,840,880,441000
2020-05-06,AMRT,880,885,870,880,82400
2020-05-08,AMRT,880,880,850,850,14900
2020-05-11,AMRT,850,855,845,845,239500
2020-05-12,AMRT,845,845,840,840,24200
2020-05-13,AMRT,840,855,800,800,13200
2020-05-14,AMRT,800,895,800,895,120600
2020-05-15,AMRT,895,900,855,900,803500
2020-05-18,AMRT,900,900,870,890,94400
2020-05-19,AMRT,890,910,880,910,312500
2020-05-20,AMRT,910,910,880,910,49600
2020-05-26,AMRT,910,950,910,920,223200
2020-05-27,AMRT,920,930,915,915,734200
2020-05-28,AMRT,915,920,875,910,380000
2020-05-29,AMRT,910,910,900,910,130900
2020-06-02,AMRT,910,910,885,900,23000
2020-06-03,AMRT,900,915,875,890,69400
2020-06-04,AMRT,890,915,880,890,456000
2020-06-05,AMRT,890,890,875,880,94600
2020-06-08,AMRT,880,890,860,865,464000
2020-06-09,AMRT,865,870,825,835,187000
2020-06-10,AMRT,835,855,835,840,68900
2020-06-11,AMRT,840,850,830,830,33000
2020-06-12,AMRT,830,840,810,835,351600
2020-06-15,AMRT,835,835,790,800,744600
2020-06-16,AMRT,800,810,780,785,1770100
2020-06-17,AMRT,785,810,785,790,720900
2020-06-18,AMRT,790,805,785,790,552600
2020-06-19,AMRT,790,795,770,790,454000
2020-06-22,AMRT,790,800,785,790,87800
2020-06-23,AMRT,790,800,780,785,186000
2020-06-24,AMRT,785,800,785,795,143600
2020-06-25,AMRT,795,800,780,795,336300
2020-06-26,AMRT,795,800,780,785,121800
2020-06-29,AMRT,785,795,775,790,144100
2020-06-30,AMRT,790,840,790,795,893500
2020-07-01,AMRT,795,815,785,795,500300
2020-07-02,AMRT,795,805,790,795,72600
2020-07-03,AMRT,795,800,785,790,107000
2020-07-06,AMRT,790,805,790,795,177300
2020-07-07,AMRT,795,805,785,790,1326300
2020-07-08,AMRT,790,800,785,790,251100
2020-07-09,AMRT,790,790,785,785,1363600
2020-07-10,AMRT,785,785,780,780,437200
2020-07-13,AMRT,780,785,775,775,156100
2020-07-14,AMRT,775,785,770,775,228600
2020-07-15,AMRT,775,780,755,760,1006700
2020-07-16,AMRT,760,760,740,750,1113300
2020-07-17,AMRT,750,760,740,745,1359700
2020-07-20,AMRT,745,755,740,755,446400
2020-07-21,AMRT,755,760,740,750,407400
2020-07-22,AMRT,750,760,745,750,125600
2020-07-23,AMRT,750,750,745,750,346900
2020-07-24,AMRT,750,755,745,745,540500
2020-07-27,AMRT,745,750,740,750,108100
2020-07-28,AMRT,750,750,740,750,122000
2020-07-29,AMRT,750,750,740,745,98500
2020-07-30,AMRT,745,750,740,740,247400
2020-08-03,AMRT,740,745,700,720,655300
2020-08-04,AMRT,720,750,715,745,483400
2020-08-05,AMRT,745,760,745,755,827500
2020-08-06,AMRT,755,755,720,730,1092700
2020-08-07,AMRT,730,750,735,735,958300
2020-08-10,AMRT,735,755,720,725,411900
2020-08-11,AMRT,725,735,725,730,678100
2020-08-12,AMRT,730,740,725,725,336700
2020-08-13,AMRT,725,735,725,725,435100
2020-08-14,AMRT,725,725,715,725,330500
2020-08-18,AMRT,725,725,720,725,447100
2020-08-19,AMRT,725,725,720,720,852400
2020-08-24,AMRT,720,730,720,725,318800
2020-08-25,AMRT,725,755,720,755,1406600
2020-08-26,AMRT,755,755,725,725,623300
2020-08-27,AMRT,725,730,720,720,955000
2020-08-28,AMRT,720,730,720,720,227000
2020-08-31,AMRT,720,725,710,715,1379100
2020-09-01,AMRT,715,725,705,705,211200
2020-09-02,AMRT,705,715,700,700,3876500
2020-09-03,AMRT,700,710,700,700,238100
2020-09-04,AMRT,700,710,700,705,442800
2020-09-07,AMRT,705,710,700,710,324800
2020-09-08,AMRT,710,710,700,700,828800
2020-09-09,AMRT,700,705,700,700,533900
2020-09-10,AMRT,700,705,685,690,1736700
2020-09-11,AMRT,690,700,660,695,306900
2020-09-14,AMRT,695,710,695,705,207200
2020-09-15,AMRT,705,710,690,700,193400
2020-09-16,AMRT,700,700,690,690,506200
2020-09-17,AMRT,690,700,680,680,616300
2020-09-18,AMRT,680,695,675,680,804000
2020-09-21,AMRT,680,695,675,675,1697600
2020-09-22,AMRT,675,680,655,670,158400
2020-09-23,AMRT,670,675,655,670,432100
2020-09-24,AMRT,670,675,660,660,171400
2020-09-25,AMRT,660,675,655,675,53000
2020-09-28,AMRT,675,685,670,675,51000
2020-09-29,AMRT,675,680,665,665,222400
2020-09-30,AMRT,665,675,665,665,88500
2020-10-01,AMRT,665,685,660,670,594600
2020-10-02,AMRT,670,675,670,675,27500
2020-10-05,AMRT,675,675,665,670,17600
2020-10-06,AMRT,670,685,670,685,106700
2020-10-07,AMRT,685,700,680,685,126800
2020-10-08,AMRT,685,690,680,685,40700
2020-10-09,AMRT,685,685,675,675,59600
2020-10-12,AMRT,675,680,675,675,147100
2020-10-13,AMRT,675,680,670,675,267700
2020-10-14,AMRT,675,685,670,670,447300
2020-10-15,AMRT,670,680,670,670,977000
2020-10-16,AMRT,670,675,655,665,390700
2020-10-19,AMRT,665,670,660,670,231900
2020-10-20,AMRT,670,690,660,675,119800
2020-10-21,AMRT,675,680,665,675,88100
2020-10-22,AMRT,675,685,670,675,417800
2020-10-23,AMRT,675,680,670,675,53500
2020-10-26,AMRT,675,685,670,675,175000
2020-10-27,AMRT,675,695,670,680,130200
2020-11-02,AMRT,680,700,680,690,140600
2020-11-03,AMRT,690,700,685,690,460100
2020-11-04,AMRT,690,710,690,700,377000
2020-11-05,AMRT,700,725,705,720,680500
2020-11-06,AMRT,720,725,710,715,667800
2020-11-09,AMRT,715,720,700,720,444400
2020-11-10,AMRT,720,740,705,740,812500
2020-11-11,AMRT,740,750,720,730,690200
2020-11-12,AMRT,730,740,710,710,317300
2020-11-13,AMRT,710,725,700,725,251400
2020-11-16,AMRT,725,735,720,730,260900
2020-11-17,AMRT,730,730,720,720,393200
2020-11-18,AMRT,720,725,715,720,613100
2020-11-19,AMRT,720,725,710,715,1489600
2020-11-20,AMRT,715,720,705,705,949600
2020-11-23,AMRT,705,710,695,710,1188100
2020-11-24,AMRT,710,720,710,710,1204200
2020-11-25,AMRT,710,730,710,710,1690100
2020-11-26,AMRT,710,715,705,710,542400
2020-11-27,AMRT,710,715,705,715,895400
2020-11-30,AMRT,715,715,700,710,2445200
2020-12-01,AMRT,710,715,700,710,854200
2020-12-02,AMRT,710,715,705,715,230500
2020-12-03,AMRT,715,715,705,710,526000
2020-12-04,AMRT,710,715,700,715,1672800
2020-12-07,AMRT,715,765,710,750,9581800
2020-12-08,AMRT,750,770,740,740,2564600
2020-12-10,AMRT,740,755,720,730,3039900
2020-12-11,AMRT,730,735,720,730,2146400
2020-12-14,AMRT,730,735,720,730,1085000
2020-12-15,AMRT,730,745,730,735,1799600
2020-12-16,AMRT,735,750,730,735,1730100
2020-12-17,AMRT,735,750,725,725,3908200
2020-12-18,AMRT,725,745,725,730,4882400
2020-12-21,AMRT,730,750,730,745,2141500
2020-12-22,AMRT,745,755,720,730,4229100
2020-12-23,AMRT,730,765,715,765,7808200
2020-12-28,AMRT,765,885,765,860,25771900
2020-12-29,AMRT,860,875,815,840,5176600
2020-12-30,AMRT,840,850,790,800,3188100
2021-01-04,AMRT,800,840,765,800,1572500
2021-01-05,AMRT,800,820,780,785,2710000
2021-01-06,AMRT,785,800,740,780,1461800
2021-01-07,AMRT,780,780,750,765,1521900
2021-01-08,AMRT,765,785,765,775,1427400
2021-01-11,AMRT,775,795,770,780,409400
2021-01-12,AMRT,780,795,760,765,901700
2021-01-13,AMRT,765,800,760,795,2972600
2021-01-14,AMRT,795,835,790,835,1785700
2021-01-15,AMRT,835,840,800,810,543700
2021-01-18,AMRT,810,815,790,795,772700
2021-01-19,AMRT,795,805,790,790,380800
2021-01-20,AMRT,790,800,790,790,107300
2021-01-21,AMRT,790,810,790,800,810600
2021-01-22,AMRT,800,820,790,790,1126700
2021-01-25,AMRT,790,815,780,810,2921300
2021-01-26,AMRT,810,830,795,800,835000
2021-01-27,AMRT,800,805,795,795,665700
2021-01-28,AMRT,795,850,775,795,6381800
2021-01-29,AMRT,795,810,780,780,907300
2021-02-01,AMRT,780,790,780,780,452400
2021-02-02,AMRT,780,800,780,785,408600
2021-02-03,AMRT,785,795,780,780,301200
2021-02-04,AMRT,780,795,780,780,304700
2021-02-05,AMRT,780,800,780,780,399100
2021-02-08,AMRT,780,800,780,780,273400
2021-02-09,AMRT,780,795,780,780,448000
2021-02-10,AMRT,780,800,780,800,332000
2021-02-11,AMRT,800,805,790,800,155100
2021-02-15,AMRT,800,805,790,790,218000
2021-02-16,AMRT,790,795,780,790,345200
2021-02-17,AMRT,790,795,780,780,238600
2021-02-18,AMRT,780,830,780,810,4367200
2021-02-19,AMRT,810,825,800,800,289900
2021-02-22,AMRT,800,975,800,880,22370400
2021-02-23,AMRT,880,885,820,870,6372300
2021-02-24,AMRT,870,1025,845,1005,15086900
2021-02-25,AMRT,1005,1140,995,1010,19840400
2021-02-26,AMRT,1010,1045,945,1020,6524700
2021-03-01,AMRT,1020,1120,1020,1065,9208000
2021-03-02,AMRT,1065,1070,995,995,5077800
2021-03-03,AMRT,995,1000,930,940,6179500
2021-03-04,AMRT,940,940,895,905,2224500
2021-03-05,AMRT,905,950,875,950,2041600
2021-03-08,AMRT,950,975,900,945,2650800
2021-03-09,AMRT,945,945,905,920,1178900
2021-03-10,AMRT,920,1100,900,985,21225400
2021-03-12,AMRT,985,1020,965,985,4791400
2021-03-15,AMRT,985,995,950,980,2593500
2021-03-16,AMRT,980,1180,960,1015,56781400
2021-03-17,AMRT,1015,1025,965,970,6861900
2021-03-18,AMRT,970,995,950,970,2931700
2021-03-19,AMRT,970,1000,960,985,6542700
2021-03-22,AMRT,985,995,950,955,3888800
2021-03-23,AMRT,955,965,905,905,5047200
2021-03-24,AMRT,905,910,870,905,3098600
2021-03-25,AMRT,905,945,890,890,4701700
2021-03-26,AMRT,890,910,885,890,5815500
2021-03-29,AMRT,890,905,880,890,2956700
2021-03-30,AMRT,890,895,860,860,2913500
2021-03-31,AMRT,860,925,860,900,8475100
2021-04-01,AMRT,900,905,870,885,3131900
2021-04-05,AMRT,885,905,865,870,3913400
2021-04-06,AMRT,870,920,865,895,2997800
2021-04-07,AMRT,895,960,890,945,9855100
2021-04-08,AMRT,945,1025,950,995,57347700
2021-04-09,AMRT,995,1010,965,975,21698200
2021-04-12,AMRT,975,1025,960,970,18787600
2021-04-13,AMRT,970,980,945,950,3909000
2021-04-14,AMRT,950,1000,945,980,9113400
2021-04-15,AMRT,980,990,960,970,4428500
2021-04-16,AMRT,970,985,960,965,4154500
2021-04-19,AMRT,965,970,925,925,6366200
2021-04-20,AMRT,925,940,905,910,3096500
2021-04-21,AMRT,910,945,905,920,3075900
2021-04-22,AMRT,920,960,920,950,6685800
2021-04-23,AMRT,950,985,940,960,19126100
2021-04-26,AMRT,960,970,940,945,11578400
2021-04-27,AMRT,945,950,910,920,4487700
2021-04-28,AMRT,920,930,920,925,1320700
2021-04-29,AMRT,925,945,915,925,2610000
2021-04-30,AMRT,925,955,920,950,2058100
2021-05-03,AMRT,950,960,935,935,2606200
2021-05-04,AMRT,935,945,920,935,4548900
2021-05-05,AMRT,935,950,930,935,2537900
2021-05-06,AMRT,935,950,930,940,5056800
2021-05-07,AMRT,940,985,930,935,26412500
2021-05-10,AMRT,935,945,905,915,7147500
2021-05-11,AMRT,915,925,900,905,2792600
2021-05-17,AMRT,905,915,875,880,9114900
2021-05-18,AMRT,880,895,870,895,3501100
2021-05-19,AMRT,895,920,880,895,4847000
2021-05-20,AMRT,895,935,895,925,7304400
2021-05-21,AMRT,925,940,920,925,3312100
2021-05-24,AMRT,925,935,895,905,1791700
2021-05-25,AMRT,905,935,905,935,2150600
2021-05-27,AMRT,935,960,905,910,11458000
2021-05-28,AMRT,910,925,905,910,6601200
2021-05-31,AMRT,910,920,905,905,1805100
2021-06-02,AMRT,905,925,905,910,4142000
2021-06-03,AMRT,910,925,910,910,7875000
2021-06-04,AMRT,910,935,910,910,3641600
2021-06-07,AMRT,910,950,910,910,29049900
2021-06-08,AMRT,910,975,920,970,167442200
2021-06-09,AMRT,970,1185,970,1115,436298800
2021-06-10,AMRT,1115,1250,1125,1230,312973400
2021-06-11,AMRT,1230,1280,1155,1215,184959000
2021-06-14,AMRT,1215,1255,1135,1160,103192600
2021-06-15,AMRT,1160,1230,1135,1165,161176500
2021-06-16,AMRT,1165,1250,1170,1230,151724800
2021-06-17,AMRT,1230,1315,1215,1240,143814200
2021-06-18,AMRT,1240,1270,1200,1245,61945500
2021-06-21,AMRT,1245,1270,1180,1205,85383300
2021-06-22,AMRT,1205,1335,1205,1250,182934600
2021-06-23,AMRT,1250,1315,1245,1285,126651000
2021-06-24,AMRT,1285,1305,1265,1265,55613900
2021-06-25,AMRT,1265,1325,1250,1280,64060700
2021-06-28,AMRT,1280,1320,1240,1240,58561400
2021-06-29,AMRT,1240,1265,1215,1245,49346500
2021-06-30,AMRT,1245,1285,1245,1250,30297200
2021-07-01,AMRT,1250,1305,1240,1245,51371300
2021-07-02,AMRT,1245,1260,1230,1245,41231600
2021-07-05,AMRT,1245,1280,1235,1250,39523800
2021-07-06,AMRT,1250,1375,1250,1345,188505600
2021-07-07,AMRT,1345,1400,1320,1340,115700200
2021-07-08,AMRT,1340,1365,1320,1335,56209600
2021-07-09,AMRT,1335,1360,1325,1355,37273300
2021-07-12,AMRT,1355,1405,1345,1365,92253200
2021-07-13,AMRT,1365,1380,1285,1315,83784400
2021-07-14,AMRT,1315,1350,1230,1295,52934700
2021-07-15,AMRT,1295,1340,1295,1305,22581500
2021-07-16,AMRT,1305,1335,1290,1290,13792900
2021-07-19,AMRT,1290,1310,1255,1255,14264400
2021-07-21,AMRT,1255,1265,1230,1230,16522500
2021-07-22,AMRT,1230,1265,1190,1255,24582600
2021-07-23,AMRT,1255,1270,1210,1240,14460000
2021-07-26,AMRT,1240,1270,1210,1255,10180400
2021-07-27,AMRT,1255,1290,1240,1255,21357900
2021-07-28,AMRT,1255,1430,1250,1385,84628600
2021-07-29,AMRT,1385,1425,1335,1380,48500400
2021-07-30,AMRT,1380,1390,1305,1350,26271600
2021-08-02,AMRT,1350,1450,1335,1425,44984700
2021-08-03,AMRT,1425,1435,1350,1385,31317400
2021-08-04,AMRT,1385,1395,1355,1375,10647000
2021-08-05,AMRT,1375,1390,1345,1350,11122600
2021-08-06,AMRT,1350,1380,1345,1365,8457500
2021-08-09,AMRT,1365,1475,1365,1440,63181200
2021-08-10,AMRT,1440,1470,1375,1440,19312100
2021-08-12,AMRT,1440,1550,1385,1400,39333400
2021-08-13,AMRT,1400,1420,1375,1405,14861800
2021-08-16,AMRT,1405,1425,1350,1405,23878400
2021-08-18,AMRT,1405,1405,1310,1310,63633400
2021-08-19,AMRT,1310,1345,1220,1230,32771000
2021-08-20,AMRT,1230,1325,1230,1290,25787000
2021-08-23,AMRT,1290,1310,1200,1200,24668700
2021-08-24,AMRT,1200,1330,1210,1295,23666300
2021-08-25,AMRT,1295,1305,1265,1270,26510200
2021-08-26,AMRT,1270,1285,1240,1280,13510600
2021-08-27,AMRT,1280,1290,1250,1290,13665700
2021-08-30,AMRT,1290,1350,1300,1330,28046900
2021-08-31,AMRT,1330,1350,1290,1350,21932400
2021-09-01,AMRT,1350,1360,1285,1300,16200400
2021-09-02,AMRT,1300,1325,1280,1305,8446800
2021-09-03,AMRT,1305,1350,1300,1350,5809400
2021-09-06,AMRT,1350,1360,1330,1345,12744400
2021-09-07,AMRT,1345,1360,1340,1350,6304600
2021-09-08,AMRT,1350,1360,1335,1350,6447900
2021-09-09,AMRT,1350,1405,1345,1360,24722300
2021-09-10,AMRT,1360,1390,1360,1365,2891800
2021-09-13,AMRT,1365,1390,1340,1380,3872800
2021-09-14,AMRT,1380,1425,1360,1380,16777200
2021-09-15,AMRT,1380,1415,1375,1385,8638500
2021-09-16,AMRT,1385,1395,1365,1375,6247100
2021-09-17,AMRT,1375,1435,1370,1435,27897200
2021-09-20,AMRT,1435,1420,1355,1370,10782300
2021-09-21,AMRT,1370,1410,1340,1385,20247300
2021-09-22,AMRT,1385,1410,1360,1385,7483800
2021-09-23,AMRT,1385,1390,1345,1380,17955600
2021-09-24,AMRT,1380,1390,1315,1330,14493500
2021-09-27,AMRT,1330,1395,1310,1395,9785000
2021-09-28,AMRT,1395,1400,1360,1395,12734200
2021-09-29,AMRT,1395,1410,1375,1405,14228200
2021-09-30,AMRT,1405,1405,1335,1380,16951400
2021-10-01,AMRT,1380,1380,1340,1340,9935600
2021-10-04,AMRT,1340,1380,1325,1330,6585900
2021-10-05,AMRT,1330,1350,1315,1325,11287500
2021-10-06,AMRT,1325,1330,1245,1305,26035100
2021-10-07,AMRT,1305,1305,1270,1295,17525400
2021-10-08,AMRT,1295,1350,1270,1290,12121700
2021-10-11,AMRT,1290,1300,1260,1275,7967100
2021-10-12,AMRT,1275,1315,1255,1260,13660000
2021-10-13,AMRT,1260,1270,1175,1175,27191100
2021-10-14,AMRT,1175,1275,1170,1245,19869300
2021-10-15,AMRT,1245,1265,1220,1265,20784700
2021-10-18,AMRT,1265,1275,1220,1235,18147800
2021-10-19,AMRT,1235,1245,1220,1220,12935000
2021-10-21,AMRT,1220,1290,1220,1290,39196500
2021-10-22,AMRT,1290,1305,1230,1245,16103400
2021-10-25,AMRT,1245,1260,1225,1245,19415700
2021-10-26,AMRT,1245,1270,1245,1260,13304100
2021-10-27,AMRT,1260,1260,1230,1240,6853400
2021-10-28,AMRT,1240,1260,1180,1185,22704300
2021-10-29,AMRT,1185,1210,1180,1195,14164400
2021-11-01,AMRT,1195,1220,1195,1205,9877400
2021-11-02,AMRT,1205,1205,1155,1155,14718200
2021-11-03,AMRT,1155,1185,1145,1175,6879800
2021-11-04,AMRT,1175,1215,1170,1200,20173800
2021-11-05,AMRT,1200,1210,1190,1195,3324000
2021-11-08,AMRT,1195,1215,1190,1200,8534200
2021-11-09,AMRT,1200,1210,1190,1190,5518100
2021-11-10,AMRT,1190,1215,1190,1195,11673600
2021-11-11,AMRT,1195,1230,1195,1205,11774300
2021-11-12,AMRT,1205,1250,1200,1200,15146700
2021-11-15,AMRT,1200,1220,1200,1200,4354600
2021-11-16,AMRT,1200,1220,1170,1190,17051500
2021-11-17,AMRT,1190,1205,1180,1180,10774500
2021-11-18,AMRT,1180,1225,1170,1200,18803800
2021-11-19,AMRT,1200,1290,1200,1265,42202900
2021-11-22,AMRT,1265,1320,1220,1305,29084700
2021-11-23,AMRT,1305,1310,1240,1250,11870000
2021-11-24,AMRT,1250,1275,1235,1270,7688300
2021-11-25,AMRT,1270,1280,1220,1225,12093500
2021-11-26,AMRT,1225,1225,1160,1165,19649500
2021-11-29,AMRT,1165,1210,1150,1205,14832500
2021-11-30,AMRT,1205,1205,1180,1180,15194500
2021-12-01,AMRT,1180,1195,1165,1195,10425600
2021-12-02,AMRT,1195,1205,1170,1185,7327900
2021-12-03,AMRT,1185,1195,1170,1170,4242000
2021-12-06,AMRT,1170,1190,1165,1170,7152600
2021-12-07,AMRT,1170,1200,1170,1170,8431300
2021-12-08,AMRT,1170,1195,1160,1170,7942600
2021-12-09,AMRT,1170,1195,1165,1180,12511500
2021-12-10,AMRT,1180,1190,1160,1165,10975900
2021-12-13,AMRT,1165,1185,1165,1175,4489800
2021-12-14,AMRT,1175,1185,1160,1165,5092700
2021-12-15,AMRT,1165,1175,1165,1165,3981500
2021-12-16,AMRT,1165,1185,1120,1150,11972300
2021-12-17,AMRT,1150,1160,1145,1150,7349500
2021-12-20,AMRT,1150,1190,1145,1165,9967900
2021-12-21,AMRT,1165,1195,1160,1195,13460100
2021-12-22,AMRT,1195,1225,1195,1215,13444000
2021-12-23,AMRT,1215,1225,1185,1205,8592200
2021-12-24,AMRT,1205,1220,1175,1210,10647400
2021-12-27,AMRT,1210,1225,1195,1210,8990800
2021-12-28,AMRT,1210,1245,1205,1220,11248200
2021-12-29,AMRT,1220,1240,1215,1240,6289500
2021-12-30,AMRT,1240,1250,1200,1215,10867100
2022-01-03,AMRT,1215,1245,1200,1230,4133400
2022-01-04,AMRT,1230,1245,1185,1195,8012500
2022-01-05,AMRT,1195,1210,1180,1200,7546900
2022-01-06,AMRT,1200,1200,1135,1155,9127900
2022-01-07,AMRT,1155,1170,1145,1155,5686400
2022-01-10,AMRT,1155,1165,1130,1130,14151100
2022-01-11,AMRT,1130,1140,1075,1095,23699600
2022-01-12,AMRT,1095,1105,1090,1095,8499500
2022-01-13,AMRT,1095,1105,1090,1095,4172600
2022-01-14,AMRT,1095,1100,1085,1090,28022600
2022-01-17,AMRT,1090,1110,1085,1095,16994200
2022-01-18,AMRT,1095,1105,1085,1095,21398800
2022-01-19,AMRT,1095,1120,1095,1120,3957600
2022-01-20,AMRT,1120,1130,1090,1100,5235400
2022-01-21,AMRT,1100,1110,1085,1095,7060900
2022-01-24,AMRT,1095,1105,1035,1055,23905100
2022-01-25,AMRT,1055,1075,1020,1020,29186600
2022-01-26,AMRT,1020,1185,1050,1155,87433200
2022-01-27,AMRT,1155,1230,1115,1215,39054300
2022-01-28,AMRT,1215,1240,1150,1205,34263000
2022-01-31,AMRT,1205,1210,1160,1165,20592800
2022-02-02,AMRT,1165,1270,1155,1265,72750100
2022-02-03,AMRT,1265,1270,1215,1250,31726800
2022-02-04,AMRT,1250,1280,1215,1230,27705300
2022-02-07,AMRT,1230,1265,1230,1245,27631300
2022-02-08,AMRT,1245,1275,1215,1225,28941600
2022-02-09,AMRT,1225,1295,1230,1270,29502300
2022-02-10,AMRT,1270,1320,1270,1275,31531800
2022-02-11,AMRT,1275,1290,1230,1235,13708500
2022-02-14,AMRT,1235,1240,1195,1225,10078400
2022-02-15,AMRT,1225,1260,1210,1215,8341100
2022-02-16,AMRT,1215,1230,1185,1190,10481500
2022-02-17,AMRT,1190,1210,1155,1165,14779600
2022-02-18,AMRT,1165,1215,1155,1200,16737200
2022-02-21,AMRT,1200,1200,1155,1160,11149700
2022-02-22,AMRT,1160,1180,1130,1150,15706000
2022-02-23,AMRT,1150,1170,1130,1130,11203400
2022-02-24,AMRT,1130,1140,1100,1115,18553400
2022-02-25,AMRT,1115,1130,1085,1090,13244300
2022-03-01,AMRT,1090,1115,1085,1090,8136600
2022-03-02,AMRT,1090,1090,1075,1090,10903600
2022-03-04,AMRT,1090,1110,1080,1085,12168700
2022-03-07,AMRT,1085,1150,1055,1145,36866600
2022-03-08,AMRT,1145,1155,1065,1070,30347800
2022-03-09,AMRT,1070,1080,1020,1055,28810600
2022-03-10,AMRT,1055,1170,1065,1170,50612600
2022-03-11,AMRT,1170,1200,1135,1195,38256200
2022-03-14,AMRT,1195,1280,1195,1280,44629600
2022-03-15,AMRT,1280,1335,1265,1295,55413800
2022-03-16,AMRT,1295,1340,1290,1305,33334700
2022-03-17,AMRT,1305,1380,1315,1345,40685000
2022-03-18,AMRT,1345,1400,1325,1360,44263900
2022-03-21,AMRT,1360,1420,1360,1390,49910700
2022-03-22,AMRT,1390,1410,1365,1400,37245700
2022-03-23,AMRT,1400,1430,1365,1395,38353300
2022-03-24,AMRT,1395,1430,1375,1420,41842300
2022-03-25,AMRT,1420,1425,1355,1390,36305800
2022-03-28,AMRT,1390,1425,1350,1400,37618900
2022-03-29,AMRT,1400,1470,1395,1420,39070000
2022-03-30,AMRT,1420,1480,1395,1460,33051900
2022-03-31,AMRT,1460,1530,1470,1520,71572700
2022-04-01,AMRT,1520,1520,1455,1485,45237500
2022-04-04,AMRT,1485,1550,1490,1530,40018100
2022-04-05,AMRT,1530,1580,1510,1575,60354400
2022-04-06,AMRT,1575,1755,1580,1705,150053500
2022-04-07,AMRT,1705,1750,1590,1615,80730400
2022-04-08,AMRT,1615,1730,1615,1695,66500600
2022-04-11,AMRT,1695,1700,1630,1675,72463300
2022-04-12,AMRT,1675,1775,1680,1755,100490500
2022-04-13,AMRT,1755,1760,1690,1700,60658900
2022-04-14,AMRT,1700,1730,1685,1720,54680200
2022-04-18,AMRT,1720,1730,1700,1705,31765800
2022-04-19,AMRT,1705,1715,1690,1690,74806000
2022-04-20,AMRT,1690,1760,1695,1740,90213000
2022-04-21,AMRT,1740,1740,1645,1705,49823800
2022-04-22,AMRT,1705,1730,1700,1710,35516500
2022-04-25,AMRT,1710,1740,1650,1695,77049500
2022-04-26,AMRT,1695,1745,1675,1685,52801000
2022-04-27,AMRT,1685,1715,1675,1705,64743400
2022-04-28,AMRT,1705,1725,1700,1710,65338400
2022-05-09,AMRT,1710,1740,1625,1670,87378300
2022-05-10,AMRT,1670,1670,1555,1555,47454200
2022-05-11,AMRT,1555,1615,1450,1615,46165800
2022-05-12,AMRT,1615,1615,1505,1505,68264000
2022-05-13,AMRT,1505,1675,1430,1575,257361500
2022-05-17,AMRT,1575,1710,1600,1650,125311000
2022-05-18,AMRT,1650,1750,1665,1705,85166800
2022-05-19,AMRT,1705,1745,1610,1700,91809200
2022-05-20,AMRT,1700,1845,1730,1775,98060300
2022-05-23,AMRT,1775,1795,1660,1740,94989400
2022-05-24,AMRT,1740,1785,1675,1695,92299000
2022-05-25,AMRT,1695,1800,1690,1755,124548300
2022-05-27,AMRT,1755,1815,1690,1690,163968400
2022-05-30,AMRT,1690,1760,1680,1690,149120400
2022-05-31,AMRT,1690,1820,1640,1820,1589792400
2022-06-02,AMRT,1820,1900,1780,1800,211148200
2022-06-03,AMRT,1800,1860,1795,1815,79779300
2022-06-06,AMRT,1815,1845,1790,1820,34761700
2022-06-07,AMRT,1820,1850,1805,1810,25731400
2022-06-08,AMRT,1810,1850,1815,1850,22949200
2022-06-09,AMRT,1850,1865,1805,1855,42735700
2022-06-10,AMRT,1855,1840,1765,1795,47405700
2022-06-13,AMRT,1795,1815,1740,1770,22093400
2022-06-14,AMRT,1770,1840,1770,1835,23513500
2022-06-15,AMRT,1835,1835,1775,1795,20598700
2022-06-16,AMRT,1795,1840,1795,1830,37217800
2022-06-17,AMRT,1830,1830,1790,1805,41240100
2022-06-20,AMRT,1805,1820,1790,1800,38083100
2022-06-21,AMRT,1800,1835,1810,1830,43389600
2022-06-22,AMRT,1830,1960,1815,1960,136614700
2022-06-23,AMRT,1960,2040,1915,1990,72395500
2022-06-24,AMRT,1990,2020,1945,1990,42825600
2022-06-27,AMRT,1990,2000,1910,1985,20771800
2022-06-28,AMRT,1985,1985,1920,1985,29202000
2022-06-29,AMRT,1985,1995,1975,1990,26096400
2022-06-30,AMRT,1990,2090,1990,2040,78160900
2022-07-01,AMRT,2040,2050,1990,2010,17262300
2022-07-04,AMRT,2010,2020,1920,1920,74482400
2022-07-05,AMRT,1920,1995,1920,1980,55381900
2022-07-06,AMRT,1980,2030,1960,2030,53015000
2022-07-07,AMRT,2030,2040,1900,1900,61873200
2022-07-08,AMRT,1900,2030,1895,1900,88144100
2022-07-11,AMRT,1900,2000,1910,1920,82522500
2022-07-12,AMRT,1920,1970,1920,1930,62286000
2022-07-13,AMRT,1930,1945,1900,1935,27967300
2022-07-14,AMRT,1935,1950,1910,1945,33601900
2022-07-15,AMRT,1945,1940,1860,1860,25929700
2022-07-18,AMRT,1860,1870,1785,1850,75805800
2022-07-19,AMRT,1850,1890,1830,1860,60454800
2022-07-20,AMRT,1860,1890,1815,1850,128492800
2022-07-21,AMRT,1850,1855,1800,1835,89784800
2022-07-22,AMRT,1835,1910,1830,1875,59118800
2022-07-25,AMRT,1875,1885,1860,1885,17174100
2022-07-26,AMRT,1885,1890,1870,1890,22258600
2022-07-27,AMRT,1890,1920,1875,1910,82048500
2022-07-28,AMRT,1910,1925,1840,1885,48661400
2022-07-29,AMRT,1885,1885,1855,1875,30563800
2022-08-01,AMRT,1875,1910,1860,1880,21070300
2022-08-02,AMRT,1880,1920,1890,1920,78623100
2022-08-03,AMRT,1920,1950,1895,1950,63364500
2022-08-04,AMRT,1950,1950,1865,1875,66159000
2022-08-05,AMRT,1875,1890,1810,1850,55158900
2022-08-08,AMRT,1850,1875,1820,1850,15975600
2022-08-09,AMRT,1850,1855,1825,1825,23478100
2022-08-10,AMRT,1825,1855,1810,1840,46923800
2022-08-11,AMRT,1840,1875,1825,1840,40258500
2022-08-12,AMRT,1840,1850,1785,1850,72388500
2022-08-15,AMRT,1850,1855,1825,1830,16588200
2022-08-16,AMRT,1830,1950,1840,1950,67018000
2022-08-18,AMRT,1950,1990,1935,1990,46882500
2022-08-19,AMRT,1990,2090,1990,2090,50474500
2022-08-22,AMRT,2090,2100,2040,2090,104725200
2022-08-23,AMRT,2090,2140,2070,2100,79963400
2022-08-24,AMRT,2100,2100,2000,2010,66999900
2022-08-25,AMRT,2010,2050,2000,2000,38969400
2022-08-26,AMRT,2000,2080,1995,2020,46572000
2022-08-29,AMRT,2020,2030,1975,2020,32953600
2022-08-30,AMRT,2020,2070,2020,2030,48009800
2022-08-31,AMRT,2030,2180,2020,2180,146557800
2022-09-01,AMRT,2180,2150,2050,2080,74201600
2022-09-02,AMRT,2080,2090,2030,2060,38750200
2022-09-05,AMRT,2060,2150,2040,2100,66243700
2022-09-06,AMRT,2100,2150,2070,2080,63121300
2022-09-07,AMRT,2080,2130,2060,2100,74020900
2022-09-08,AMRT,2100,2130,2090,2090,48988300
2022-09-09,AMRT,2090,2130,2100,2110,57138700
2022-09-12,AMRT,2110,2300,2130,2140,69016300
2022-09-13,AMRT,2140,2280,2160,2220,123583500
2022-09-14,AMRT,2220,2250,2140,2250,76497900
2022-09-15,AMRT,2250,2360,2220,2330,93320800
2022-09-16,AMRT,2330,2330,2210,2230,740959300
2022-09-19,AMRT,2230,2320,2230,2250,21542100
2022-09-20,AMRT,2250,2290,2230,2240,37998600
2022-09-21,AMRT,2240,2320,2230,2300,49870000
2022-09-22,AMRT,2300,2400,2300,2310,61332500
2022-09-23,AMRT,2310,2410,2320,2390,138965500
2022-09-26,AMRT,2390,2450,2340,2360,63475300
2022-09-27,AMRT,2360,2390,2280,2360,21447200
2022-09-28,AMRT,2360,2380,2350,2380,17250200
2022-09-29,AMRT,2380,2400,2350,2400,50391500
2022-09-30,AMRT,2400,2400,2330,2390,39734700
2022-10-03,AMRT,2390,2400,2290,2380,24724500
2022-10-04,AMRT,2380,2400,2380,2400,14013300
2022-10-05,AMRT,2400,2400,2360,2390,20539200
2022-10-06,AMRT,2390,2400,2370,2390,23936300
2022-10-07,AMRT,2390,2390,2330,2330,15214700
2022-10-10,AMRT,2330,2390,2320,2390,8413600
2022-10-11,AMRT,2390,2400,2340,2340,27978400
2022-10-12,AMRT,2340,2400,2350,2390,59093600
2022-10-13,AMRT,2390,2500,2380,2490,68532400
2022-10-14,AMRT,2490,2560,2470,2510,36925300
2022-10-17,AMRT,2510,2500,2450,2500,14348300
2022-10-18,AMRT,2500,2700,2490,2700,26369500
2022-10-19,AMRT,2700,2650,2520,2590,30496500
2022-10-20,AMRT,2590,2650,2570,2630,48167000
2022-10-21,AMRT,2630,2660,2600,2630,33868100
2022-10-24,AMRT,2630,2670,2620,2630,30085600
2022-10-25,AMRT,2630,2730,2600,2700,27582300
2022-10-26,AMRT,2700,2700,2650,2660,20474400
2022-10-27,AMRT,2660,2720,2680,2720,27034500
2022-10-28,AMRT,2720,2770,2700,2760,17510600
2022-10-31,AMRT,2760,2840,2740,2820,38009400
2022-11-01,AMRT,2820,2830,2650,2760,37941100
2022-11-02,AMRT,2760,2760,2610,2650,43950100
2022-11-03,AMRT,2650,2680,2500,2630,34316100
2022-11-04,AMRT,2630,2640,2570,2630,27904300
2022-11-07,AMRT,2630,2700,2620,2660,21241900
2022-11-08,AMRT,2660,2720,2650,2690,14132200
2022-11-09,AMRT,2690,2700,2560,2680,17753400
2022-11-10,AMRT,2680,2670,2580,2600,26027300
2022-11-11,AMRT,2600,2620,2540,2600,13962200
2022-11-14,AMRT,2600,2660,2560,2640,23739900
2022-11-15,AMRT,2640,2770,2620,2760,23966500
2022-11-16,AMRT,2760,2900,2760,2840,42469000
2022-11-17,AMRT,2840,2860,2790,2820,15156800
2022-11-18,AMRT,2820,2850,2740,2830,14800400
2022-11-21,AMRT,2830,2820,2720,2760,17713900
2022-11-22,AMRT,2760,2820,2750,2750,15914500
2022-11-23,AMRT,2750,2860,2750,2780,24639900
2022-11-24,AMRT,2780,2880,2790,2830,26842700
2022-11-25,AMRT,2830,2840,2750,2770,25558100
2022-11-28,AMRT,2770,2910,2780,2860,34467000
2022-11-29,AMRT,2860,2900,2770,2840,34600000
2022-11-30,AMRT,2840,3090,2840,3090,102517600
2022-12-01,AMRT,3090,3090,2940,2940,32908500
2022-12-02,AMRT,2940,3010,2910,2950,22775900
2022-12-05,AMRT,2950,2960,2910,2920,10638400
2022-12-06,AMRT,2920,2940,2820,2910,17699300
2022-12-07,AMRT,2910,2940,2860,2880,12691000
2022-12-08,AMRT,2880,2880,2680,2680,51476200
2022-12-09,AMRT,2680,2530,2500,2500,30571100
2022-12-12,AMRT,2500,2650,2330,2550,88302500
2022-12-13,AMRT,2550,2650,2520,2600,36491500
2022-12-14,AMRT,2600,2610,2580,2590,44154300
2022-12-15,AMRT,2590,2600,2550,2570,28862700
2022-12-16,AMRT,2570,2590,2540,2560,81595800
2022-12-19,AMRT,2560,2620,2530,2550,19030100
2022-12-20,AMRT,2550,2600,2520,2570,12333800
2022-12-21,AMRT,2570,2640,2550,2600,20483400
2022-12-22,AMRT,2600,2600,2570,2600,24962600
2022-12-23,AMRT,2600,2640,2560,2620,50214100
2022-12-26,AMRT,2620,2700,2630,2650,13621200
2022-12-27,AMRT,2650,2820,2640,2820,10642600
2022-12-28,AMRT,2820,2820,2660,2680,12704100
2022-12-29,AMRT,2680,2770,2610,2740,16324600
2022-12-30,AMRT,2740,2750,2650,2650,17922700
2023-01-02,AMRT,2650,2750,2650,2740,4662800
2023-01-03,AMRT,2740,2860,2710,2770,16960300
2023-01-04,AMRT,2770,2840,2740,2740,11838000
2023-01-05,AMRT,2740,2820,2670,2810,30342800
2023-01-06,AMRT,2810,2890,2770,2800,19669200
2023-01-09,AMRT,2800,2830,2700,2740,13687400
2023-01-10,AMRT,2740,2760,2670,2720,14895800
2023-01-11,AMRT,2720,2730,2610,2670,18055600
2023-01-12,AMRT,2670,2740,2660,2710,11406000
2023-01-13,AMRT,2710,2770,2700,2760,10264600
2023-01-16,AMRT,2760,2790,2660,2680,10041600
2023-01-17,AMRT,2680,2750,2660,2720,13049400
2023-01-18,AMRT,2720,2760,2690,2730,12214500
2023-01-19,AMRT,2730,2760,2710,2750,12071500
2023-01-20,AMRT,2750,2760,2670,2760,23287500
2023-01-24,AMRT,2760,2740,2660,2670,9068900
2023-01-25,AMRT,2670,2690,2630,2660,15183000
2023-01-26,AMRT,2660,2750,2640,2750,25021100
2023-01-27,AMRT,2750,2810,2710,2790,23528300
2023-01-30,AMRT,2790,2850,2730,2850,25416600
2023-01-31,AMRT,2850,2860,2750,2830,83975900
2023-02-01,AMRT,2830,3150,2790,2970,94462000
2023-02-02,AMRT,2970,3020,2920,2950,37207100
2023-02-03,AMRT,2950,2990,2920,2990,15657200
2023-02-06,AMRT,2990,3000,2880,2920,19353500
2023-02-07,AMRT,2920,2950,2890,2940,15243200
2023-02-08,AMRT,2940,3000,2940,2950,19019500
2023-02-09,AMRT,2950,2980,2940,2950,8256000
2023-02-10,AMRT,2950,2960,2880,2950,12126400
2023-02-13,AMRT,2950,3030,2940,2970,15355900
2023-02-14,AMRT,2970,3010,2960,3010,8205400
2023-02-15,AMRT,3010,3070,2970,3070,12079100
2023-02-16,AMRT,3070,3100,2980,2980,13439200
2023-02-17,AMRT,2980,3020,2910,2980,7463300
2023-02-20,AMRT,2980,3040,2980,3040,9443100
2023-02-21,AMRT,3040,3060,3010,3060,4775100
2023-02-22,AMRT,3060,3060,3020,3030,10060400
2023-02-23,AMRT,3030,3030,2950,2980,8414000
2023-02-24,AMRT,2980,3010,2910,2910,9491500
2023-02-27,AMRT,2910,2950,2840,2950,12999100
2023-02-28,AMRT,2950,2960,2860,2900,32644400
2023-03-01,AMRT,2900,2930,2860,2890,9024800
2023-03-02,AMRT,2890,2970,2900,2960,10790300
2023-03-03,AMRT,2960,2980,2770,2770,29535600
2023-03-06,AMRT,2770,2860,2790,2820,22456700
2023-03-07,AMRT,2820,2840,2810,2810,6973500
2023-03-08,AMRT,2810,2870,2790,2870,6042500
2023-03-09,AMRT,2870,2890,2830,2830,6378700
2023-03-10,AMRT,2830,2880,2790,2810,16618100
2023-03-13,AMRT,2810,2870,2800,2870,6897500
2023-03-14,AMRT,2870,2890,2840,2840,12078100
2023-03-15,AMRT,2840,2900,2840,2850,11096000
2023-03-16,AMRT,2850,2900,2790,2800,9069400
2023-03-17,AMRT,2800,2920,2810,2860,22491100
2023-03-20,AMRT,2860,2900,2810,2850,5358800
2023-03-21,AMRT,2850,2900,2810,2900,8768600
2023-03-24,AMRT,2900,2990,2860,2930,28828200
2023-03-27,AMRT,2930,2930,2850,2900,16096600
2023-03-28,AMRT,2900,2990,2900,2980,18161400
2023-03-29,AMRT,2980,2980,2910,2950,15631800
2023-03-30,AMRT,2950,2960,2820,2870,23950300
2023-03-31,AMRT,2870,2960,2870,2880,29088400
2023-04-03,AMRT,2880,2940,2890,2920,20838600
2023-04-04,AMRT,2920,2940,2840,2870,12743500
2023-04-05,AMRT,2870,2890,2770,2800,14882200
2023-04-06,AMRT,2800,2820,2650,2700,53098200
2023-04-10,AMRT,2700,2830,2700,2810,14904900
2023-04-11,AMRT,2810,2830,2760,2810,14128600
2023-04-12,AMRT,2810,2810,2690,2800,31234200
2023-04-13,AMRT,2800,2770,2710,2740,12298400
2023-04-14,AMRT,2740,2760,2730,2750,11551100
2023-04-17,AMRT,2750,2760,2700,2720,11386100
2023-04-18,AMRT,2720,2740,2700,2720,10009700
2023-04-26,AMRT,2720,2910,2740,2910,46226400
2023-04-27,AMRT,2910,2900,2810,2840,10865800
2023-04-28,AMRT,2840,2900,2820,2900,16163300
2023-05-02,AMRT,2900,2920,2840,2910,17319000
2023-05-03,AMRT,2910,3000,2860,3000,24369000
2023-05-04,AMRT,3000,3030,2960,3020,17057400
2023-05-05,AMRT,3020,3020,2940,2970,16990300
2023-05-08,AMRT,2970,2990,2920,2960,13878500
2023-05-09,AMRT,2960,2960,2930,2950,6828900
2023-05-10,AMRT,2950,2970,2880,2920,14753800
2023-05-11,AMRT,2920,2940,2860,2880,20713000
2023-05-12,AMRT,2880,3000,2890,2940,28665400
2023-05-15,AMRT,2940,3030,2930,2940,29697300
2023-05-16,AMRT,2940,2970,2910,2940,14330800
2023-05-17,AMRT,2940,2970,2920,2930,27497800
2023-05-19,AMRT,2930,2950,2880,2900,19100800
2023-05-22,AMRT,2900,2940,2820,2880,20636600
2023-05-23,AMRT,2880,2920,2830,2860,24988100
2023-05-24,AMRT,2860,2870,2780,2810,25105700
2023-05-25,AMRT,2810,2810,2720,2720,22928200
2023-05-26,AMRT,2720,2760,2710,2740,25131600
2023-05-29,AMRT,2740,2760,2680,2740,34946500
2023-05-30,AMRT,2740,2730,2660,2670,30563300
2023-05-31,AMRT,2670,2700,2640,2640,96513200
2023-06-05,AMRT,2640,2810,2680,2720,43352000
2023-06-06,AMRT,2720,2760,2680,2680,17425700
2023-06-07,AMRT,2680,2750,2660,2680,28567100
2023-06-08,AMRT,2680,2750,2660,2740,21200500
2023-06-09,AMRT,2740,2750,2680,2700,24732600
2023-06-12,AMRT,2700,2780,2700,2730,21022900
2023-06-13,AMRT,2730,2760,2700,2740,14749300
2023-06-14,AMRT,2740,2750,2670,2700,21072900
2023-06-15,AMRT,2700,2700,2640,2650,14505000
2023-06-16,AMRT,2650,2650,2530,2580,73740700
2023-06-19,AMRT,2580,2630,2580,2600,17996400
2023-06-20,AMRT,2600,2610,2550,2580,35577700
2023-06-21,AMRT,2580,2610,2550,2590,41661800
2023-06-22,AMRT,2590,2630,2590,2590,16594500
2023-06-23,AMRT,2590,2620,2560,2610,10056400
2023-06-26,AMRT,2610,2630,2570,2600,56301400
2023-06-27,AMRT,2600,2620,2550,2580,25968200
2023-07-03,AMRT,2580,2630,2550,2590,21276300
2023-07-04,AMRT,2590,2650,2570,2600,19345500
2023-07-05,AMRT,2600,2620,2580,2620,19349100
2023-07-06,AMRT,2620,2750,2590,2740,32414900
2023-07-07,AMRT,2740,2740,2680,2680,18949000
2023-07-10,AMRT,2680,2730,2680,2710,20724500
2023-07-11,AMRT,2710,2780,2700,2770,22814600
2023-07-12,AMRT,2770,2800,2720,2780,22588400
2023-07-13,AMRT,2780,2810,2730,2780,10051100
2023-07-14,AMRT,2780,2790,2730,2770,18891900
2023-07-17,AMRT,2770,2800,2760,2770,12595500
2023-07-18,AMRT,2770,2770,2730,2750,6272000
2023-07-20,AMRT,2750,2820,2750,2800,19595800
2023-07-21,AMRT,2800,2880,2800,2870,16457400
2023-07-24,AMRT,2870,2890,2810,2840,10048600
2023-07-25,AMRT,2840,2890,2810,2810,8598400
2023-07-26,AMRT,2810,2830,2760,2830,13010900
2023-07-27,AMRT,2830,2820,2690,2750,23725100
2023-07-28,AMRT,2750,2750,2640,2730,17246800
2023-07-31,AMRT,2730,2740,2650,2700,29820600
2023-08-01,AMRT,2700,2860,2730,2860,18511700
2023-08-02,AMRT,2860,2900,2810,2880,23105900
2023-08-03,AMRT,2880,2940,2840,2880,16920000
2023-08-04,AMRT,2880,2870,2770,2820,16945600
2023-08-07,AMRT,2820,2890,2770,2780,27028400
2023-08-08,AMRT,2780,2830,2760,2780,18731700
2023-08-09,AMRT,2780,2870,2770,2850,15166300
2023-08-10,AMRT,2850,2860,2780,2780,14515300
2023-08-11,AMRT,2780,2870,2780,2830,19504200
2023-08-14,AMRT,2830,2910,2820,2890,22401500
2023-08-15,AMRT,2890,2940,2890,2910,12633000
2023-08-16,AMRT,2910,3030,2910,2940,34517600
2023-08-18,AMRT,2940,3010,2880,2900,56097300
2023-08-21,AMRT,2900,3020,2920,2990,24877100
2023-08-22,AMRT,2990,2980,2910,2910,6914400
2023-08-23,AMRT,2910,3000,2910,2930,20887400
2023-08-24,AMRT,2930,2970,2890,2890,14150400
2023-08-25,AMRT,2890,2950,2880,2890,8251600
2023-08-28,AMRT,2890,2930,2870,2870,7429800
2023-08-29,AMRT,2870,2930,2860,2900,18095200
2023-08-30,AMRT,2900,2920,2860,2900,11172500
2023-08-31,AMRT,2900,2920,2870,2900,26597200
2023-09-01,AMRT,2900,2910,2820,2880,7421100
2023-09-04,AMRT,2880,2910,2840,2850,3969500
2023-09-05,AMRT,2850,2860,2820,2840,11694600
2023-09-06,AMRT,2840,2870,2770,2810,14336900
2023-09-07,AMRT,2810,2900,2810,2900,8971200
2023-09-08,AMRT,2900,2920,2820,2870,16799900
2023-09-11,AMRT,2870,2950,2880,2950,8319100
2023-09-12,AMRT,2950,2990,2920,2980,12927800
2023-09-13,AMRT,2980,3000,2930,2960,7568400
2023-09-14,AMRT,2960,2960,2840,2840,16486900
2023-09-15,AMRT,2840,2920,2840,2900,34211400
2023-09-18,AMRT,2900,2910,2840,2900,11211400
2023-09-19,AMRT,2900,2910,2860,2900,7541200
2023-09-20,AMRT,2900,2920,2860,2900,13484700
2023-09-21,AMRT,2900,2930,2860,2880,10000700
2023-09-22,AMRT,2880,2920,2880,2900,12460000
2023-09-25,AMRT,2900,2970,2900,2910,8502600
2023-09-26,AMRT,2910,2980,2930,2960,14325300
2023-09-27,AMRT,2960,2980,2910,2930,13659800
2023-09-29,AMRT,2930,2980,2910,2960,16562100
2023-10-02,AMRT,2960,2970,2930,2950,22217200
2023-10-03,AMRT,2950,2980,2900,2950,21915300
2023-10-04,AMRT,2950,2970,2870,2870,23434900
2023-10-05,AMRT,2870,2930,2890,2900,27679600
2023-10-06,AMRT,2900,2950,2720,2730,30326200
2023-10-09,AMRT,2730,2830,2750,2820,30569100
2023-10-10,AMRT,2820,2920,2820,2900,33160800
2023-10-11,AMRT,2900,2940,2860,2880,27355500
2023-10-12,AMRT,2880,2900,2810,2850,21186200
2023-10-13,AMRT,2850,2850,2750,2810,13183800
2023-10-16,AMRT,2810,2870,2800,2800,23175200
2023-10-17,AMRT,2800,2870,2790,2790,16247200
2023-10-18,AMRT,2790,2840,2780,2810,17137800
2023-10-19,AMRT,2810,2840,2800,2810,16930300
2023-10-20,AMRT,2810,2900,2750,2800,19467100
2023-10-23,AMRT,2800,2820,2750,2760,10752300
2023-10-24,AMRT,2760,2830,2760,2820,9692600
2023-10-25,AMRT,2820,2920,2820,2920,19600900
2023-10-26,AMRT,2920,2910,2760,2850,20776500
2023-10-27,AMRT,2850,2900,2820,2820,20274600
2023-10-30,AMRT,2820,2900,2820,2890,13610700
2023-10-31,AMRT,2890,2910,2830,2890,14546100
2023-11-01,AMRT,2890,2940,2850,2850,22817800
2023-11-02,AMRT,2850,2880,2840,2850,18825900
2023-11-03,AMRT,2850,2900,2850,2900,7945100
2023-11-06,AMRT,2900,2900,2790,2810,22546100
2023-11-07,AMRT,2810,2890,2820,2890,30084000
2023-11-08,AMRT,2890,2900,2850,2900,27254000
2023-11-09,AMRT,2900,2970,2850,2900,25345500
2023-11-10,AMRT,2900,2910,2880,2900,12286800
2023-11-13,AMRT,2900,2920,2890,2910,61512800
2023-11-14,AMRT,2910,2920,2830,2880,25533500
2023-11-15,AMRT,2880,2940,2860,2900,41347800
2023-11-16,AMRT,2900,2920,2860,2900,26872400
2023-11-17,AMRT,2900,2910,2870,2890,15097300
2023-11-20,AMRT,2890,2940,2890,2900,35219900
2023-11-21,AMRT,2900,2930,2830,2900,27786800
2023-11-22,AMRT,2900,2940,2860,2880,14660500
2023-11-23,AMRT,2880,2920,2880,2890,17244400
2023-11-24,AMRT,2890,2910,2860,2870,15109500
2023-11-27,AMRT,2870,2900,2840,2860,21867000
2023-11-28,AMRT,2860,2900,2850,2870,23879600
2023-11-29,AMRT,2870,2900,2800,2810,33779100
2023-11-30,AMRT,2810,2930,2790,2870,200816600
2023-12-01,AMRT,2870,2900,2850,2900,16416700
2023-12-04,AMRT,2900,2910,2870,2870,14540000
2023-12-05,AMRT,2870,2900,2860,2870,12471200
2023-12-06,AMRT,2870,2910,2860,2890,19797100
2023-12-07,AMRT,2890,2900,2870,2900,14016700
2023-12-08,AMRT,2900,2890,2770,2850,30778700
2023-12-11,AMRT,2850,2850,2720,2800,31876300
2023-12-12,AMRT,2800,2870,2770,2850,26855900
2023-12-13,AMRT,2850,2880,2810,2880,14396500
2023-12-14,AMRT,2880,2910,2840,2900,19292100
2023-12-15,AMRT,2900,2880,2770,2800,57724800
2023-12-18,AMRT,2800,2750,2530,2730,70458000
2023-12-19,AMRT,2730,2820,2700,2820,42976400
2023-12-20,AMRT,2820,2830,2800,2820,15726000
2023-12-21,AMRT,2820,2880,2820,2880,16845400
2023-12-22,AMRT,2880,2880,2820,2870,8695600
2023-12-27,AMRT,2870,2900,2850,2870,10975600
2023-12-28,AMRT,2870,2930,2870,2910,36836900
2023-12-29,AMRT,2910,2950,2870,2930,28228000
2024-01-02,AMRT,2930,2940,2840,2890,24629200
2024-01-03,AMRT,2890,2890,2800,2820,20721000
2024-01-04,AMRT,2820,2870,2820,2870,18408500
2024-01-05,AMRT,2870,2870,2790,2790,18664000
2024-01-08,AMRT,2790,2820,2790,2800,10129500
2024-01-09,AMRT,2800,2820,2730,2740,19648500
2024-01-10,AMRT,2740,2790,2710,2750,23536000
2024-01-11,AMRT,2750,2790,2710,2710,21216900
2024-01-12,AMRT,2710,2710,2610,2640,52053000
2024-01-15,AMRT,2640,2650,2570,2630,58417000
2024-01-16,AMRT,2630,2700,2630,2670,33119200
2024-01-17,AMRT,2670,2680,2630,2650,26741700
2024-01-18,AMRT,2650,2680,2650,2650,23608900
2024-01-19,AMRT,2650,2700,2640,2640,16238100
2024-01-22,AMRT,2640,2700,2640,2680,38592300
2024-01-23,AMRT,2680,2730,2650,2720,32155900
2024-01-24,AMRT,2720,2720,2650,2670,16651800
2024-01-25,AMRT,2670,2700,2650,2670,14520200
2024-01-26,AMRT,2670,2670,2620,2630,10705300
2024-01-29,AMRT,2630,2690,2620,2690,18150700
2024-01-30,AMRT,2690,2680,2630,2650,14965800
2024-01-31,AMRT,2650,2690,2630,2650,33875400
2024-02-01,AMRT,2650,2670,2640,2650,22195500
2024-02-02,AMRT,2650,2670,2640,2650,19682200
2024-02-05,AMRT,2650,2660,2600,2600,14336200
2024-02-06,AMRT,2600,2640,2600,2600,21159700
2024-02-07,AMRT,2600,2650,2600,2630,13793000
2024-02-12,AMRT,2630,2640,2490,2580,53357200
2024-02-13,AMRT,2580,2630,2510,2610,42652600
2024-02-15,AMRT,2610,2740,2650,2700,56080800
2024-02-16,AMRT,2700,2800,2710,2770,36096100
2024-02-19,AMRT,2770,2780,2730,2750,12245600
2024-02-20,AMRT,2750,2790,2730,2790,34561800
2024-02-21,AMRT,2790,2810,2670,2770,45456100
2024-02-22,AMRT,2770,2760,2710,2750,7228200
2024-02-23,AMRT,2750,2750,2660,2680,23325300
2024-02-26,AMRT,2680,2710,2650,2690,14964900
2024-02-27,AMRT,2690,2680,2630,2660,31681500
2024-02-28,AMRT,2660,2710,2650,2700,20172800
2024-02-29,AMRT,2700,2750,2700,2750,37197700
2024-03-01,AMRT,2750,2750,2700,2720,13484500
2024-03-04,AMRT,2720,2770,2710,2750,18672000
2024-03-05,AMRT,2750,2760,2720,2720,20992400
2024-03-06,AMRT,2720,2770,2720,2750,26791400
2024-03-07,AMRT,2750,2790,2730,2760,21424700
2024-03-08,AMRT,2760,2810,2750,2790,27069100
2024-03-13,AMRT,2790,2840,2790,2820,46618500
2024-03-14,AMRT,2820,2900,2820,2900,95495800
2024-03-15,AMRT,2900,2910,2820,2880,52996400
2024-03-18,AMRT,2880,2900,2840,2870,22003700
2024-03-19,AMRT,2870,2930,2860,2890,23564800
2024-03-20,AMRT,2890,2920,2870,2900,27906900
2024-03-21,AMRT,2900,2910,2880,2900,27986200
2024-03-22,AMRT,2900,2940,2890,2900,55137200
2024-03-25,AMRT,2900,2910,2850,2900,34474800
2024-03-26,AMRT,2900,2920,2890,2900,45879200
2024-03-27,AMRT,2900,2930,2870,2900,52156400
2024-03-28,AMRT,2900,2920,2900,2910,66462000
2024-04-01,AMRT,2910,2920,2890,2910,43183100
2024-04-02,AMRT,2910,2920,2890,2910,30480600
2024-04-03,AMRT,2910,2910,2880,2890,36867400
2024-04-04,AMRT,2890,2910,2880,2900,18538000
2024-04-05,AMRT,2900,2900,2870,2880,9748800
2024-04-16,AMRT,2880,2790,2660,2700,52994100
2024-04-17,AMRT,2700,2820,2710,2790,27479100
2024-04-18,AMRT,2790,2820,2740,2790,19963300
2024-04-19,AMRT,2790,2840,2740,2800,20258900
2024-04-22,AMRT,2800,2890,2800,2880,24102900
2024-04-23,AMRT,2880,2980,2890,2940,59317300
2024-04-24,AMRT,2940,2940,2850,2900,11924400
2024-04-25,AMRT,2900,2940,2890,2930,12890500
2024-04-26,AMRT,2930,2940,2840,2840,18230500
2024-04-29,AMRT,2840,2970,2760,2940,28001300
2024-04-30,AMRT,2940,2970,2900,2930,33285000
2024-05-02,AMRT,2930,2920,2840,2870,19303600
2024-05-03,AMRT,2870,2910,2870,2900,7965000
2024-05-06,AMRT,2900,2950,2890,2900,23610900
2024-05-07,AMRT,2900,2920,2860,2880,22153100
2024-05-08,AMRT,2880,2920,2830,2880,20948900
2024-05-13,AMRT,2880,2870,2800,2830,26021300
2024-05-14,AMRT,2830,2840,2790,2800,35352500
2024-05-15,AMRT,2800,2820,2750,2790,12305900
2024-05-16,AMRT,2790,2890,2800,2850,12488400
2024-05-17,AMRT,2850,2840,2760,2800,14759900
2024-05-20,AMRT,2800,2840,2800,2800,11069600
2024-05-21,AMRT,2800,2840,2750,2760,17026400
2024-05-22,AMRT,2760,2850,2780,2830,27002500
2024-05-27,AMRT,2830,2880,2770,2800,24290300
2024-05-28,AMRT,2800,2910,2820,2880,27120900
2024-05-29,AMRT,2880,2840,2770,2800,19885000
2024-05-30,AMRT,2800,2850,2760,2760,33979000
2024-05-31,AMRT,2760,2820,2650,2650,143419000
2024-06-03,AMRT,2650,2830,2690,2800,20843400
2024-06-04,AMRT,2800,2840,2790,2790,18088500
2024-06-05,AMRT,2790,2800,2710,2720,18280100
2024-06-06,AMRT,2720,2810,2750,2780,16498200
2024-06-07,AMRT,2780,2800,2750,2760,12898900
2024-06-10,AMRT,2760,2820,2780,2800,14034700
2024-06-11,AMRT,2800,2810,2740,2740,29981000
2024-06-12,AMRT,2740,2810,2690,2730,26173700
2024-06-13,AMRT,2730,2760,2720,2720,11576500
2024-06-14,AMRT,2720,2760,2700,2720,11887400
2024-06-19,AMRT,2720,2740,2650,2710,8559600
2024-06-20,AMRT,2710,2760,2650,2720,22513000
2024-06-21,AMRT,2720,2760,2700,2700,29444900
2024-06-24,AMRT,2700,2740,2700,2740,11164700
2024-06-25,AMRT,2740,2750,2710,2720,20547900
2024-06-26,AMRT,2720,2780,2710,2730,29890000
2024-06-27,AMRT,2730,2750,2690,2700,21184700
2024-06-28,AMRT,2700,2790,2700,2750,18854700
2024-07-01,AMRT,2750,2800,2720,2730,16993000
2024-07-02,AMRT,2730,2750,2710,2750,13431700
2024-07-03,AMRT,2750,2780,2720,2760,13991300
2024-07-04,AMRT,2760,2780,2710,2760,55176900
2024-07-05,AMRT,2760,2780,2740,2780,13724800
2024-07-08,AMRT,2780,2850,2770,2830,20804900
2024-07-09,AMRT,2830,2900,2820,2860,16876500
2024-07-10,AMRT,2860,2910,2850,2900,21364400
2024-07-11,AMRT,2900,2950,2890,2940,26756700
2024-07-12,AMRT,2940,2950,2860,2930,20348400
2024-07-15,AMRT,2930,2940,2750,2920,22847400
2024-07-16,AMRT,2920,2930,2850,2870,10001100
2024-07-17,AMRT,2870,2900,2830,2860,9952200
2024-07-18,AMRT,2860,2910,2830,2880,23089800
2024-07-19,AMRT,2880,2900,2820,2880,17179800
2024-07-22,AMRT,2880,2930,2860,2880,6795600
2024-07-23,AMRT,2880,2930,2870,2870,8489600
2024-07-24,AMRT,2870,2890,2810,2850,7058500
2024-07-25,AMRT,2850,2870,2790,2860,16889800
2024-07-26,AMRT,2860,2880,2830,2850,11677000
2024-07-29,AMRT,2850,2850,2820,2840,12774500
2024-07-30,AMRT,2840,2880,2830,2840,23358500
2024-07-31,AMRT,2840,2870,2820,2840,41656900
